{
    "small anchors": [
        [0.18659259915014165, 0.15669447887157698],
        [0.26454362965593436, 0.13145123106060602],
        [0.14792780636265807, 0.2837075640637612]
    ],
    "mid anchors": [
        [0.19867986965673573, 0.23340982229598445],
        [0.339440268294818, 0.1392996651785714],
        [0.27474007955411583, 0.19611488900533536]
    ],
    "large anchors": [
        [0.2145238415948276, 0.3174467941810345],
        [0.27050672380156077, 0.2753786493171683],
        [0.32949452739605356, 0.2409666248238196]
    ]
}